{
   "Clip": "Thinking",
   "FPS": 60,
   "Message": "",
   "Bubbule": "",
   "TotalFrame": 140,
   "DefaultChange": {},
   "PoseChange": [
      {
         "Index": 0,
         "Basic": [],
         "Posture": [],
         "Finger": [],
         "Facial": []
      }
   ],
   "Poses": [
      {
         "Index": 0,
         "Proportion": 0,
         "Interpolation": {
            "a": 3,
            "b": 0.4
         },
         "Position": {
            "x": 0.0,
            "y": 0.9718999862670898,
            "z": 0.00009999999747378752
         },
         "Rotation": {
            "x": 0.006500000134110451,
            "y": -0.9983000159263611,
            "z": 0.01549999974668026,
            "w": 0.05620000138878822
         },
         "Posture": {
            "Body": {
                  "Spine": {
                     "FrontBack": -0.0885000005364418,
                     "LeftRight": 0.20280000567436219,
                     "Twist_LeftRight": -0.02810000069439411
                  },
                  "Chest": {
                     "FrontBack": 0.25130000710487368,
                     "LeftRight": -0.32659998536109927,
                     "Twist_LeftRight": -0.05290000140666962
                  },
                  "UpperChest": {
                     "FrontBack": 0.0,
                     "LeftRight": 0.0,
                     "Twist_LeftRight": 0.0
                  }
            },
            "Head": {
                  "Neck": {
                     "NodDownUp": 0.0,
                     "TiltLeftRight": 0.0,
                     "TurnLeftRight": 0.0
                  },
                  "Head": {
                     "NodDownUp": -0.016599999740719796,
                     "TiltLeftRight": 0.15330000221729279,
                     "TurnLeftRight": 0.00800000037997961
                  }
            },
            "Face": {
               "LeftEye": {
                  "DownUp": 0,
                  "InOut": 0
               },
               "RightEye": {
                  "DownUp": 0,
                  "InOut": 0
               },
               "Jaw": {
                  "Close": 0,
                  "LeftRight": 0
               }
            },
            "LeftLeg": {
                  "UpperLeg": {
                     "FrontBack": 0.3172000050544739,
                     "InOut": -0.09009999781847,
                     "TwistInOut": -0.08810000121593476
                  },
                  "LowerLeg": {
                     "Stretch": 0.7462999820709229,
                     "TwistInOut": 0.12549999356269837
                  },
                  "Foot": {
                     "UpDown": -0.12070000171661377,
                     "TwistInOut": 0.21369999647140504
                  },
                  "Toe": {
                     "UpDown": 0.0
                  }
            },
            "RightLeg": {
                  "UpperLeg": {
                     "FrontBack": 0.3725000023841858,
                     "InOut": 0.15549999475479127,
                     "TwistInOut": 0.054499998688697818
                  },
                  "LowerLeg": {
                     "Stretch": 0.8687000274658203,
                     "TwistInOut": 0.03750000149011612
                  },
                  "Foot": {
                     "UpDown": -0.020500000566244127,
                     "TwistInOut": -0.1039000004529953
                  },
                  "Toe": {
                     "UpDown": 0.0
                  }
            },
            "LeftArm": {
                  "Shoulder": {
                     "DownUp": 0.0,
                     "FrontBack": 0.0
                  },
                  "Arm": {
                     "DownUp": 0.050200000405311587,
                     "FrontBack": -0.07890000194311142,
                     "TwistInOut": 0.04830000177025795
                  },
                  "Forearm": {
                     "Stretch": -0.3573000133037567,
                     "TwistInOut": 0.6466000080108643
                  },
                  "Hand": {
                     "DownUp": -0.42660000920295718,
                     "InOut": -0.1467999964952469
                  },
                  "Finger": "ThumbsUp"
            },
            "RightArm": {
                  "Shoulder": {
                     "DownUp": 0.0,
                     "FrontBack": 0.0
                  },
                  "Arm": {
                     "DownUp": -0.2551000118255615,
                     "FrontBack": 0.26840001344680788,
                     "TwistInOut": -0.8741000294685364
                  },
                  "Forearm": {
                     "Stretch": -0.3296000063419342,
                     "TwistInOut": 1.0328999757766724
                  },
                  "Hand": {
                     "DownUp": 0.7630000114440918,
                     "InOut": 0.40389999747276308
                  },
                  "Finger": "ThumbsUp"
            }
         },
         "Facial": "Thinking"
      },
      {
         "Index": 1,
         "Proportion": 0.25,
         "Interpolation": {
            "a": 3,
            "b": -0.4
         },
         "Position": {
            "x": -0.006800000090152025,
            "y": 0.9825999736785889,
            "z": 0.003700000001117587
         },
         "Rotation": {
            "x": 0.011500000022351742,
            "y": -0.998199999332428,
            "z": 0.01510000042617321,
            "w": 0.05730000138282776
         },
         "Posture": {
            "Body": {
                  "Spine": {
                     "FrontBack": -0.09109999984502793,
                     "LeftRight": 0.22789999842643739,
                     "Twist_LeftRight": -0.0272000003606081
                  },
                  "Chest": {
                     "FrontBack": 0.26249998807907107,
                     "LeftRight": -0.3977999985218048,
                     "Twist_LeftRight": -0.06469999998807907
                  },
                  "UpperChest": {
                     "FrontBack": 0.0,
                     "LeftRight": 0.0,
                     "Twist_LeftRight": 0.0
                  }
            },
            "Head": {
                  "Neck": {
                     "NodDownUp": 0.0,
                     "TiltLeftRight": 0.0,
                     "TurnLeftRight": 0.0
                  },
                  "Head": {
                     "NodDownUp": -0.006000000052154064,
                     "TiltLeftRight": 0.054999999701976779,
                     "TurnLeftRight": 0.002899999963119626
                  }
            },
            "Face": {
               "LeftEye": {
                  "DownUp": 0,
                  "InOut": 0
               },
               "RightEye": {
                  "DownUp": 0,
                  "InOut": 0
               },
               "Jaw": {
                  "Close": 0,
                  "LeftRight": 0
               }
            },
            "LeftLeg": {
                  "UpperLeg": {
                     "FrontBack": 0.545199990272522,
                     "InOut": -0.06419999897480011,
                     "TwistInOut": -0.43689998984336855
                  },
                  "LowerLeg": {
                     "Stretch": 1.0063999891281129,
                     "TwistInOut": 0.33880001306533816
                  },
                  "Foot": {
                     "UpDown": -0.028699999675154687,
                     "TwistInOut": 0.23899999260902406
                  },
                  "LeftToe": {
                     "UpDown": 0.0
                  }
            },
            "RightLeg": {
                  "UpperLeg": {
                     "FrontBack": 0.29829999804496767,
                     "InOut": 0.15639999508857728,
                     "TwistInOut": 0.15240000188350678
                  },
                  "LowerLeg": {
                     "Stretch": 0.7809000015258789,