{
   "Clip": "Trust",
   "FPS": 60,
   "Message": "",
   "Bubble": "Cloud",
   "TotalFrame": 100,
   "DefaultChange": {
      "Target": "TotalFrame",
      "Min": 80,
      "Max": 100
   },
   "PoseChange": [
      {
         "Index": 0,
         "Basic": [],
         "Posture": [
            {
               "Target": "Posture.RightArm.Arm.DownUp",
               "Min": -0.2,
               "Max": 0.7
            },
            {
               "Target": "Posture.RightArm.Arm.FrontBack",
               "Min": 0.0,
               "Max": 0.5
            },
            {
               "Target": "Posture.RightArm.Forearm.Stretch",
               "Min": -0.6,
               "Max": 0.6
            }
         ],
         "Finger": [],
         "Facial": []
      }
   ],
   "Poses": [
      {
         "Index": 0,
         "Proportion": 0.0,
         "Interpolation": {
            "a": 6,
            "b": 0.2
         },
         "Position": {
            "x": -0.008200000040233136,
            "y": 0.984499990940094,
            "z": -0.01549999974668026
         },
         "Rotation": {
            "x": -0.00139999995008111,
            "y": 1.0,
            "z": 0.005900000222027302,
            "w": 0.0020000000949949028
         },
         "Posture": {
            "Body": {
               "Spine": {
                  "FrontBack": 0.29170000553131106,
                  "LeftRight": 0.05249999836087227,
                  "Twist_LeftRight": -0.003100000089034438
               },
               "Chest": {
                  "FrontBack": 0.16179999709129334,
                  "LeftRight": -0.010599999688565731,
                  "Twist_LeftRight": 0.0003000000142492354
               },
               "UpperChest": {
                  "FrontBack": 0.0,
                  "LeftRight": 0.0,
                  "Twist_LeftRight": 0.0
               }
            },
            "Head": {
               "Neck": {
                  "NodDownUp": -0.012500000186264515,
                  "TiltLeftRight": -0.02710000053048134,
                  "TurnLeftRight": 0.0031999999191612007
               },
               "Head": {
                  "NodDownUp": -0.42489999532699587,
                  "TiltLeftRight": -0.016699999570846559,
                  "TurnLeftRight": 0.11069999635219574
               }
            },
            "Face": {
               "LeftEye": {
                  "DownUp": 0.0,
                  "InOut": 0.0
               },
               "RightEye": {
                  "DownUp": 0.0,
                  "InOut": 0.0
               },
               "Jaw": {
                  "Close": 0.0,
                  "LeftRight": 0.0
               }
            },
            "LeftLeg": {
               "UpperLeg": {
                  "FrontBack": 0.5185999870300293,
                  "InOut": 0.02979999966919422,
                  "TwistInOut": -0.6638000011444092
               },
               "LowerLeg": {
                  "Stretch": 0.9509999752044678,
                  "TwistInOut": 0.4120999872684479
               },
               "Foot": {
                  "UpDown": -0.07680000364780426,
                  "TwistInOut": 0.07680000364780426
               },
               "Toe": {
                  "UpDown": 0.0
               }
            },
            "RightLeg": {
               "UpperLeg": {
                  "FrontBack": 0.5971999764442444,
                  "InOut": 0.04349999874830246,
                  "TwistInOut": -0.35409998893737795
               },
               "LowerLeg": {
                  "Stretch": 0.9843999743461609,
                  "TwistInOut": 0.3230000138282776
               },
               "Foot": {
                  "UpDown": -0.03610000014305115,
                  "TwistInOut": 0.03269999846816063
               },
               "Toe": {
                  "UpDown": 0.0
               }
            },
            "LeftArm": {
               "Shoulder": {
                  "DownUp": 0.031700000166893008,
                  "FrontBack": 0.10899999737739563
               },
               "Arm": {
                  "DownUp": -0.7222999930381775,
                  "FrontBack": 0.3337000012397766,
                  "TwistInOut": -0.018400000408291818
               },
               "Forearm": {
                  "Stretch": 0.7760000228881836,
                  "TwistInOut": 0.21089999377727509
               },
               "Hand": {
                  "DownUp": 0.14059999585151673,
                  "InOut": 0.7376000285148621
               },
               "Finger": "Natural"
            },
            "RightArm": {
               "Shoulder": {
                  "DownUp": 0.06310000270605087,
                  "FrontBack": 0.031300000846385959
               },
               "Arm": {
                  "DownUp": 0.38449999690055849,
                  "FrontBack": 0.21389999985694886,
                  "TwistInOut": 0.4884999990463257
               },
               "Forearm": {
                  "Stretch": 0.37279999256134035,
                  "TwistInOut": 0.6100999712944031
               },
               "Hand": {
                  "DownUp": 0.16339999437332154,
                  "InOut": -0.04479999840259552
               },
               "Finger": "Fist"
            }
         },
         "Facial": "Trust"
      },
      {
         "Index": 1,
         "Proportion": 0.2,
         "Interpolation": {
            "a": 7,
            "b": 0
         },
         "Position": {
            "x": 0.0015999999595806003,
            "y": 0.9700000286102295,
            "z": -0.026000000536441804
         },
         "Rotation": {
            "x": -0.00139999995008111,
            "y": 1.0,
            "z": 0.005900000222027302,
            "w": 0.0020000000949949028
         },
         "Posture": {
            "Body": {
               "Spine": {
                  "FrontBack": 0.29170000553131106,
                  "LeftRight": 0.05249999836087227,
                  "Twist_LeftRight": -0.003100000089034438
               },
               "Chest": {
                  "FrontBack": 0.16179999709129334,
                  "LeftRight": -0.010599999688565731,
                  "Twist_LeftRight": 0.0003000000142492354
               },
               "UpperChest": {
                  "FrontBack": 0.0,
                  "LeftRight": 0.0,
                  "Twist_LeftRight": 0.0
               }
            },
            "Head": {
               "Neck": {
                  "NodDownUp": -0.005200000014156103,
                  "TiltLeftRight": -0.0272000003606081,
                  "TurnLeftRight": 0.003100000089034438
               },
               "Head": {
                  "NodDownUp": -0.6442000269889832,
                  "TiltLeftRight": -0.017799999564886094,
                  "TurnLeftRight": 0.10719999670982361
               }
            },
            "Face": {
               "LeftEye": {
                  "DownUp": 0.0,
                  "InOut": 0.0
               },
               "RightEye": {
                  "DownUp": 0.0,
                  "InOut": 0.0
               },
               "Jaw": {
                  "Close": 0.0,
                  "LeftRight": 0.0
               }
            },
            "LeftLeg": {
               "UpperLeg": {
                  "FrontBack": 0.36000001430511477,
                  "InOut": 0.005799999926239252,
                  "TwistInOut": -0.17339999973773957
               },
               "LowerLeg": {
                  "Stretch": 0.7494000196456909,
                  "TwistInOut": 0.09279999881982804
               },
               "Foot": {
                  "UpDown": -0.18240000307559968,
                  "TwistInOut": 0.0763000026345253
               },
               "Toe": {
                  "UpDown": 0.0
               }
            },
            "RightLeg": {
               "UpperLeg": {
                  "FrontBack": 0.4203000068664551,